title,chapter
"Index for ""Quantum Psi: A Discipline for Inner Harmony and Non-Local Effects""","Quantum Psi is a powerful discipline that combines science and spirituality to help people achieve inner harmony and connect with the world around them. By using techniques like quantum hypnosis and alchemy, Quantum Psi helps people overcome limiting beliefs and mental blocks, allowing them to tap into their full potential and experience non-local effects like telepathy and synchronicity. This discipline is useful for anyone who wants to achieve a greater sense of peace and understanding in their life, and who is open to exploring the deeper mysteries of the universe."
Chapter 1: Introduction to Quantum Psi,"Quantum Psi is a discipline that helps people find inner harmony and experience non-local effects by combining quantum physics, hypnosis, and alchemy. The key concept of Quantum Psi is to observe without judgment, which allows access to non-local effects of the universe and achieving a sense of unity with the world. Quantum Psi can be useful for people who want to overcome limiting beliefs, mental blocks, and find inner peace. For example, Quantum Psi can help someone who struggles with anxiety or stress by teaching them to observe their thoughts without judgment, leading to a clearer mind and a more peaceful state of being."
1.1 What is Quantum Psi?,"Quantum Psi is a unique approach to self-improvement that combines science and spirituality. It teaches us how to observe ourselves without judgment and access the non-local effects of the universe. By using quantum hypnosis and the principles of alchemy, we can overcome limiting beliefs and mental blocks that hold us back. This method can help us achieve a state of inner harmony, improve our mental health, and connect with the world around us."
"1.2 The Combination of Quantum Physics, Quantum Hypnosis, and Alchemy","Quantum Psi is a powerful tool that combines different disciplines to help people find inner peace and achieve their full potential. By using the principles of quantum physics, quantum hypnosis, and alchemy, Quantum Psi provides a holistic approach to personal development that can help people overcome limiting beliefs and mental blocks, and access non-local effects such as telepathy and synchronicity. This can be especially useful for people who feel stuck or are struggling to achieve their goals, as it provides a way to tap into their full potential and reach new heights of success and fulfillment."
1.3 The Goal of Quantum Psi: Inner Harmony and Non-Local Effects,"As the author of Quantum Psi, I believe that inner harmony and non-local effects are the ultimate goal of this discipline. By practicing observation without judgment and using hypnosis and alchemy, we can achieve a sense of unity with the world around us and experience telepathy and synchronicity. This means that we can develop a deeper understanding of ourselves and the universe, leading to a more fulfilling and meaningful life."
Chapter 2: Overcoming the Observer-Observed Dyad,"As the author of Quantum Psi, I believe that we can achieve inner harmony and connect with the world around us by learning to observe without judgment. This means that we must overcome the observer-observed dyad, which is the idea that observation can influence the behavior of something according to the principles of quantum physics. By mastering the process of fascination, we can observe without judgment and access non-local effects such as telepathy and synchronicity."
2.1 The Observer-Observed Dyad and Quantum Physics,"The Observer-Observed Dyad is a concept in quantum physics that describes how the act of observation can influence the behavior of something. This means that the observer and the observed are not separate entities, but are connected in a way that affects their behavior. In Quantum Psi, we learn to observe without judgment and overcome the fascination of the dyad, which allows us to access non-local effects and achieve a sense of unity with the world. By understanding this concept, we can better understand our own thoughts and behaviors and how they are influenced by our observations."
2.2 The Fascination of the Observer-Observed Dyad,"As I explore the concept of the observer-observed dyad in Quantum Psi, I am reminded of how our perceptions can influence the world around us. By observing without judgment, we can access the non-local effects of the universe, such as telepathy and synchronicity, and achieve a sense of unity with the world. This concept can be useful in helping us overcome limiting beliefs and mental blocks, and in developing a greater sense of self-awareness and inner harmony."
2.3 Mastery of the Process of Fascination,"Mastery of the process of fascination is a key concept in Quantum Psi. It means observing things without judging them, which can help you connect with the world around you and experience things like telepathy and synchronicity. It's like seeing things without any preconceived notions or opinions, and just letting them be what they are. This can be useful because it allows you to see things in a new way and connect with others on a deeper level. For example, if you're having a conversation with someone and you're really listening to what they have to say without judging them, you might find that you understand them better and can communicate more effectively."
2.4 Observing Without Judgment,"Observing without judgment is a key concept in Quantum Psi that involves observing the world around us without attaching labels or making assumptions. It means being present in the moment and accepting things as they are, without trying to change or control them. This practice can help us develop a deeper understanding of ourselves and the world, and it can also lead to greater peace and tranquility in our lives."
Chapter 3: Quantum Hypnosis,Chapter 3: Quantum Hypnosis
3.1 Deconstructing Limiting Beliefs and Mental Blocks,"Deconstructing Limiting Beliefs and Mental Blocks is a process that helps people overcome negative thoughts and beliefs that hold them back from achieving their goals. By identifying and challenging these limiting beliefs, we can replace them with more positive and empowering ones. This process involves using techniques such as quantum hypnosis, where we can access the subconscious mind and reprogram it with new beliefs and thought patterns. By deconstructing limiting beliefs and mental blocks, we can break free from self-sabotage and achieve our full potential."
3.2 The Luxmind Technique,"The Luxmind Technique is a method used in Quantum Psi that helps people to achieve a state of mental clarity and new ideas. It involves observing a light bulb that blocks central vision and creates a state of mental block. By exploiting this block, the practitioner can insert new ideas into the mind using a mantra-style system. Then, by closing the eyes and observing the residual image of the light, a fixation point is created and the hypnotic process continues without further speaking. This technique can be useful for those who are struggling with mental blocks or limitations in their thinking, and who want to access new ideas and perspectives. For example, a writer who is struggling with writer's block can use the Luxmind Technique to access new ideas and overcome their mental block."
3.3 The Lateral Thinking Effect of the Luxmind Technique,"The Luxmind Technique is a method used in Quantum Psi that helps people tap into their creativity and overcome mental blocks. It involves observing a light bulb that blocks central vision and creates a state of mental block. By exploiting this block to insert ideas into the mind with a mantra-style system, new ideas can emerge. Closing the eyes and observing the residual image of the light creates a fixation point, and the hypnotic process continues without further speaking. This method opens the mind to lateral thinking and can be useful for problem-solving, brainstorming, and creative endeavors."
Chapter 4: Alchemy and the Four Elements,"Alchemy is an ancient spiritual practice that seeks to achieve transformation and enlightenment through the use of symbolic elements and processes. The four elements of fire, water, air, and earth, and the three elements of sulfur, mercury, and salt are explored to help people connect with themselves and achieve a state of harmony and balance. For example, the element of fire can represent passion and creativity, while the element of water can represent emotions and intuition. The purpose of exploring these elements is to better understand oneself and achieve a sense of balance and harmony in life."
4.1 Introduction to Alchemy,"Alchemy is an ancient practice that uses symbols and processes to achieve transformation and enlightenment. In Quantum Psi, we explore the four elements of fire, water, air, and earth, and the three elements of sulfur, mercury, and salt to help people connect with themselves and achieve balance. This helps them understand their inner workings and become more in tune with the world around them. By learning to work with these elements, people can achieve a greater sense of harmony and a deeper understanding of their place in the universe. For example, someone who is struggling with anxiety may learn to work with the element of earth by focusing on grounding techniques, such as deep breathing and meditation, to help them feel more centered and calm."
"4.2 The Four Elements: Fire, Water, Air, and Earth","As a Quantum Psi expert, I believe that the Four Elements of Fire, Water, Air, and Earth are essential to achieving inner harmony. Each element represents a different aspect of our being, and by exploring them, we can gain a deeper understanding of ourselves. Fire represents passion and creativity, Water represents emotions and intuition, Air represents intellect and communication, and Earth represents physicality and stability. Understanding these elements can help us balance our lives and achieve a sense of wholeness."
4.3 Exploring the Corresponding Non-Verbal Elements in Humans,"As an expert in Quantum Psi, I've found that exploring the corresponding non-verbal elements in humans can be incredibly helpful in achieving inner harmony. By understanding which senses and sensations correspond to elements such as fire, water, air, and earth, we can better connect with ourselves and achieve balance. For example, someone who is more attuned to internal sensations may correspond to the water element, while someone who is more focused on external touch may correspond to the earth element."
"4.4 The Three Elements of Sulfur, Mercury, and Salt","The three elements of sulfur, mercury, and salt are important components of Quantum Psi. Sulfur represents the fiery, transformative aspect of the self, while mercury symbolizes the fluidity and adaptability of the mind. Salt, on the other hand, represents stability and grounding. By exploring these elements within ourselves, we can gain a deeper understanding of our own nature and learn to balance our inner energies. This can help us to achieve a greater sense of peace and harmony in our lives, and to tap into the non-local effects of the universe."
Chapter 5: The Element of Earth,"The Element of Earth is one of the four elements explored in Quantum Psi. It represents stability, grounding, and physicality. When we connect with the element of Earth, we can feel more present in our bodies and in the world around us. We can also find a sense of stability and security in ourselves. This can be helpful when dealing with anxiety or uncertainty. By focusing on the element of Earth, we can feel more grounded and centered, which can help us navigate difficult situations."
5.1 Perception of Gravity and Touch,"Perception of Gravity and Touch is one of the key elements in Quantum Psi. It is about how we feel the weight of our body and the pressure of objects against our skin. By understanding these sensations, we can connect with our physical body and create a sense of grounding. This can help us feel more present in the moment and better able to handle stress and anxiety. By paying attention to the sensations of gravity and touch, we can also become more aware of our environment and our place in it. This can lead to a greater sense of connection with the world around us."
5.2 Sensations and Correspondences,"As a practitioner of Quantum Psi, I have learned that our sensations and perceptions hold immense power in shaping our reality. Each sensation corresponds to an element - touch to earth, internal sensations to water, vibrations to air, and heat to fire. By understanding these correspondences, we can identify and work with our dominant senses to better connect with ourselves and the world around us. Using this knowledge, we can also develop a deeper understanding of our own behaviors and thought patterns, leading to greater self-awareness and personal growth."
5.3 Individuals with a Preference for Earth Element,"As I mentioned earlier, Quantum Psi is a discipline that helps people achieve inner harmony and experience non-local effects such as telepathy and synchronicity. One of the key concepts is to observe without judgment, which allows us to access the non-local effects of the universe and achieve a sense of unity with the world."
Chapter 6: The Element of Water,Chapter 6: The Element of Water
6.1 Perception of Internal Sensations,"Perception of Internal Sensations is an important part of Quantum Psi that helps people connect with their inner self. It involves paying attention to how their body feels from the inside, such as the sensation of gravity or touch. By becoming more aware of these sensations, people can better understand their emotions and thoughts. This can lead to a greater sense of self-awareness and inner harmony."
6.2 Sensations and Correspondences,"As a practitioner of Quantum Psi, I have learned to connect with myself and the world on a deeper level. I have discovered that every sensation I experience has a corresponding element, whether it be fire, water, air, or earth. For example, the sensation of touch corresponds with the element of earth, while the sensation of vibration corresponds with air. By understanding these correspondences, I have been able to better understand myself and others."
6.3 Individuals with a Preference for Water Element,"As a Quantum Psi practitioner, I have observed that some individuals have a preference for the Water element. This means they may be more attuned to their emotions and have a strong connection to their inner world. They may have a tendency to feel deeply and be very empathetic towards others. It is important for individuals with a Water element preference to practice self-care and emotional regulation techniques to avoid becoming overwhelmed by their emotions."
Chapter 7: The Element of Air,"As an expert in Quantum Psi, I believe that the Element of Air is crucial for achieving inner peace and balance. Air represents freedom, movement, and communication. By connecting with the energy of the air element, we can learn to communicate more effectively and express ourselves with clarity. We can also learn to let go of things that no longer serve us and move forward with ease."
7.1 Perception of Pacinian Vibrations,"Perception of Pacinian Vibrations is a key concept in Quantum Psi. These vibrations are a type of sensory receptor in our body that allow us to detect pressure and vibration. By tuning into these vibrations, we become more aware of our surroundings and can better connect with the world around us. This can lead to a greater sense of inner harmony and balance."
7.2 Sensations and Correspondences,"As I explore the world through Quantum Psi, I've discovered that our senses hold powerful connections to the elements of fire, water, air, and earth. When we tap into these connections, we can gain a deeper understanding of ourselves and our place in the world. For example, the sensations of touch and gravity can correspond to the element of earth, while internal sensations may correspond to water. By recognizing these connections, we can better understand our own strengths and weaknesses, and work towards achieving a greater balance within ourselves."
7.3 Individuals with a Preference for Air Element,"As an individual with a preference for the air element, I tend to be very intuitive and seek stimulation through vibrations. I often have a heightened sense of awareness and am attuned to subtle changes in my environment. I also tend to be more introspective, and may spend a lot of time exploring my own thoughts and feelings."
Chapter 8: The Element of Fire,Chapter 8: The Element of Fire
8.1 Perception of Caloric Stimulation,"Perception of Caloric Stimulation is a concept in Quantum Psi that explores how our body perceives heat and cold. When we experience a sensation of warmth or coldness, it's because our body is responding to changes in temperature. By understanding how our body perceives these changes, we can learn to control our response to them. This can be useful in situations where we need to stay calm and focused, even when we're feeling uncomfortable. For example, athletes can use this technique to stay calm and focused during intense competition, even when they're feeling the heat of the moment."
8.2 Sensations and Correspondences,"As a practitioner of Quantum Psi, I have learned that our sensations and perceptions are closely related to the elements of fire, water, air, and earth. For example, the sensation of gravity and touch can correspond to the element of earth, while the sensation of warmth can correspond to the element of fire. By understanding these correspondences, we can better connect with our inner selves and achieve a state of balance and harmony."
8.3 Individuals with a Preference for Fire Element,"As an individual with a preference for the Fire element in Quantum Psi, I tend to be very energetic and passionate. I am always seeking new experiences, and I have a strong desire to explore the unknown. My mind is very active, and I am always coming up with new ideas and creative solutions to problems. I love to take risks, and I thrive on the excitement of new challenges."
Chapter 9: Conclusion,"In conclusion, Quantum Psi is an incredible discipline that combines the principles of quantum physics, alchemy, and hypnosis to help people discover a sense of unity with the world around them. By overcoming the observer-observed dyad and observing without judgment, people can access non-local effects of the universe and achieve inner harmony. This method is especially useful for those who want to break down limiting beliefs and mental blocks that prevent them from realizing their full potential. For example, someone who is struggling with anxiety or depression may find Quantum Psi to be a helpful tool for overcoming these obstacles and finding a sense of peace and balance in their life. Overall, Quantum Psi is a powerful tool for achieving personal growth and discovering a deeper connection with the world around us."
9.1 Summary of Quantum Psi,"Quantum Psi is a discipline that uses quantum physics, hypnosis, and alchemy to help people find inner peace and connect with the universe. By observing without judgment, we can access the universe's non-local effects and achieve a sense of unity with the world. Quantum hypnosis helps us break down limiting beliefs and mental blocks, while alchemy uses symbolic elements and processes to transform and enlighten. This practice can be useful for anyone looking to find balance and harmony within themselves and the world around them."
9.2 The Benefits of Quantum Psi,"As the author of Quantum Psi, I have seen firsthand the benefits that this discipline can bring to people's lives. By learning to observe without judgment, individuals can overcome mental blocks and limiting beliefs that hold them back from achieving their full potential. Additionally, the use of quantum hypnosis allows for the integration of new ideas and the exploration of lateral thinking. The principles of alchemy provide a framework for achieving inner harmony and balance, leading to a greater sense of unity with the world around us. Overall, Quantum Psi can be a powerful tool for personal growth and transformation."
9.3 The Future of Quantum Psi,"As the author of Quantum Psi, I believe that this discipline has the power to transform the way we see ourselves and the world around us. By exploring the principles of quantum physics, hypnosis, and alchemy, we can access a deeper understanding of our inner selves and connect with the non-local effects of the universe. This can lead to a greater sense of harmony and balance in our lives, as well as the development of skills such as telepathy and synchronicity."
Appendix A: Glossary of Terms,"Quantum Psi is a practice that combines quantum physics, hypnosis, and alchemy to help people find inner peace and experience amazing things like telepathy and synchronicity. One of the main ideas of Quantum Psi is to look at things without judging them, which lets us connect with the universe and feel like we are part of it. This can be really useful for people who feel lost or disconnected from the world, and want to find a way to feel more grounded and connected. For example, someone might use Quantum Psi to help them overcome their fear of public speaking, or to find a sense of peace during a difficult time in their life."
Appendix B: Resources for Further Learning,"Quantum Psi is a powerful tool that combines elements of quantum physics, hypnosis, and alchemy to help individuals achieve inner balance and connect with the universe around them. By learning to observe without judgment, we can access the non-local effects of the universe, including telepathy and synchronicity. Quantum hypnosis helps to break down mental blocks and beliefs that may be holding us back. The use of alchemy allows us to connect with the four elements and achieve a state of harmony and balance within ourselves. This discipline can be useful in helping individuals achieve personal growth and spiritual development, as well as improving interpersonal relationships and communication skills. For example, it can help someone overcome social anxiety by teaching them to observe without judgment and connect with others on a deeper level."
